Gen&Writing,Sorting
3.783441999,48.860552693
3.952832993,49.053242312
3.971078001,48.678972282
