Generation,Sorting,Writing
401.025082ms,1.024440059s,9.537126989s
404.462825ms,978.847781ms,7.771964125s
393.616354ms,930.644146ms,7.889654068s
387.755329ms,1.009739439s,7.909885187s
393.125338ms,921.02524ms,7.776558416s
