threads,memory,hash_time,sort_time,sync_time
128,536870912,332.621720773,205.86844035,0.817136603
128,1073741824,259.984805179,207.438126138,0.71349996
128,2147483648,231.34330228,202.799069961,1.330970161
128,4294967296,233.335262552,210.338567509,0.987566156
128,8589934592,232.794776881,210.779459383,0.749461733
128,17179869184,271.879489326,164.136166653,5.698049615
128,34359738368,396.544524704,189.993429853,0.367680999
128,68719476736,361.91612662,204.426831192,0.560274706
128,137438953472,478.123420952,186.524612916,0.317745052
