Generation,Sorting,Writing
7.998601387s,13.973871337s,3.229347676s
7.987826349s,14.048117543s,2.502872205s
8.000120517s,14.203351992s,2.482003398s
8.005598024s,14.00587962s,3.21105964s
8.025678527s,14.093354822s,3.233272642s
7.992337099s,13.990821885s,3.193178542s
7.991362835s,14.113267978s,2.536246644s
7.992089782s,13.875818932s,3.188132088s
8.110762356s,14.51128126s,3.269261654s
8.052162927s,14.161235378s,2.718424287s
