Gen&Flush,Sort,Sync
235.303602131,230.015620986,0.479450764
241.677825292,235.353132504,0.844694429
244.411850542,234.063023233,0.781997809
245.752026199,222.267556827,1.241692421
237.701740657,233.4729303,1.09544926
