Gen&Sort,Writing
385.44690356s,122.277993479s
385.204784342s,121.865834944s
381.916910986s,122.175891702s
382.913207512s,122.894574729s
385.408449032s,122.526596221s
386.56594007s,122.606774916s
387.213371757s,121.29001964s
382.612985621s,122.054614614s
383.446304835s,132.924919112s
381.250518144s,120.07177126s
