Gen&Flush,Sort,Sync
678.907037841,900.423720172,20.32414444
680.77275235,919.347861771,9.658683121
674.150283822,918.218250561,13.515712297
674.34984166,908.887449375,8.420973116
672.301790896,918.399153644,7.720717569
