Gen&Sort,Writing
161.35937654s,117.57907154s
133.675214672s,119.561272403s
169.06760247s,117.820900572s
167.19220866s,118.228724912s
153.589652818s,118.969621476s
154.375148014s,117.444451751s
152.399515242s,118.679129714s
155.931063593s,118.149772735s
160.986024015s,117.176743512s
140.870490393s,118.230767325s
