Gen&Sort,Writing
41.029861472s,9.990090536s
40.121391405s,8.843913848s
42.289085062s,9.303183459s
40.40967089s,9.215670617s
40.182773564s,8.667779374s
42.134116759s,7.762801436s
40.125164649s,8.474902476s
42.023328089s,8.324295685s
40.453318683s,8.997808518s
42.038219906s,8.355881984s
