Gen&Sort,Writing
11.554951457s,3.173188684s
11.574729676s,3.162583706s
11.527591322s,3.176750159s
11.543436829s,3.160898439s
11.518753663s,3.156738783s
11.576056113s,3.12722673s
11.557316255s,3.126604486s
11.516440781s,3.106741276s
11.575874725s,3.156522834s
11.558866065s,3.130406167s
