Gen&Sort,Writing
77.244180674s,116.889187561s
76.05525334s,117.09619376s
77.777151711s,117.382812229s
76.21824853s,116.714385024s
75.991104426s,117.241661484s
73.207345344s,117.325733641s
79.257406298s,117.85390712s
76.317670446s,117.628344272s
77.874357025s,117.090818234s
77.660480772s,116.951979941s
