Gen&Sort,Writing
5.303307951s,1.090056576s
5.334778231s,1.101873733s
5.281723508s,1.091345546s
5.299931615s,1.047454394s
4.864692838s,1.020139676s
5.305897818s,1.150740596s
4.852205094s,1.134776527s
5.358282943s,1.057236389s
5.143878749s,1.080301745s
5.34760511s,1.115947729s
