Gen&Sort,Writing
6.063484542s,1.907381944s
6.111359671s,1.788141398s
6.058102219s,1.915904518s
6.036646314s,1.853508174s
6.129854254s,1.892449912s
6.017640282s,1.845913274s
6.321871995s,1.897740577s
6.077469729s,1.87013271s
6.113593942s,1.843251943s
6.157497364s,1.898635695s
