Gen&Sort,Writing
8.814131835 3.109504406 4.047814443
12.581737447 2.996826296 3.992066181
