Gen&Sort,Writing
92.876124292s,25.09559631s
93.441890368s,24.524565652s
93.089762351s,24.503648952s
92.413540839s,25.425350844s
93.12639562s,25.435934509s
92.516944732s,25.533432881s
92.627198441s,25.503052464s
93.86244684s,25.408487718s
92.750132728s,25.361706076s
92.893013488s,25.324032786s
