Gen&Sort,Writing
11.054577746s,3.827873974s
11.634364955s,3.934781095s
10.548668158s,3.906713024s
12.042846817s,3.846614688s
9.439181054s,4.009758421s
9.919491591s,3.706069245s
10.104118174s,3.911379196s
11.575652706s,3.88529661s
9.318082496s,3.87687015s
11.17305955s,3.812898242s
