Gen&Sort,Writing
3.311704862s,1.101735497s
3.291606941s,1.116724539s
3.167924074s,1.115292497s
3.197630915s,1.074769988s
3.240634171s,1.051493385s
3.167266318s,1.079137963s
3.278537773s,1.064384619s
3.303138288s,1.077337169s
3.233548583s,1.054580005s
3.195941297s,1.062343867s
