Gen&Sort,Writing
10.469200601s,1.832080622s
10.431829181s,1.874468199s
10.439951755s,1.817208002s
10.512751839s,2.078906232s
10.390049254s,1.845449615s
10.421628406s,2.069032669s
10.487115427s,1.878494249s
10.76956768s,2.026399802s
10.396559181s,1.863397438s
9.766704542s,1.948076795s
