Gen&Sort,Writing
28.713738175s,7.295258295s
31.314073257s,8.019185244s
28.402382138s,7.082496199s
28.529195797s,7.503988573s
27.803919464s,7.331987862s
31.034343555s,7.358266342s
28.36762914s,7.260687999s
32.770438541s,7.287363757s
30.629678627s,7.548334812s
29.891444602s,7.269640799s
