Gen&Flush,Sort,Sync
586.812617531,798.149533821,37.202467935
578.792599522,797.130341487,36.321236258
573.832291241,803.479738874,36.353666564
560.624538328,797.485347632,36.570669467
570.720757243,794.583971136,37.341819403
