Gen&Sort,Writing
27.550406392s,6.172424234s
27.241185919s,6.312197346s
27.457089768s,6.163300356s
27.411383789s,6.263325381s
27.411462777s,6.221061491s
27.568846392s,6.27217167s
27.227069217s,6.019784664s
27.168208848s,6.043350275s
27.163921954s,6.052137374s
27.391986485s,6.325206409s
