Gen&Sort,Writing
54.22282544s,13.029938407s
53.738966459s,12.662372427s
53.447850137s,12.762410152s
54.019079126s,12.868421506s
54.115219839s,12.633195082s
56.309556022s,13.869827715s
54.069163715s,13.169407495s
53.717236024s,13.307879642s
54.097699039s,13.124623862s
54.370294674s,13.048930218s
