Gen&Sort,Writing
2.292979753s,1.2423621s
2.159776047s,1.216077936s
2.332177152s,1.202178497s
2.190792149s,1.168731598s
2.458654247s,1.186057627s
2.424005074s,1.247392223s
2.326428512s,1.195675712s
2.155480858s,1.127991953s
2.237680372s,1.179963318s
2.298317054s,1.195100277s
