Gen&Sort,Writing
13.079139215s,3.622584222s
12.786546548s,3.478251281s
12.520366781s,3.926615009s
12.970271853s,3.459187483s
12.416390232s,3.500819314s
12.808054467s,3.551561664s
12.363888021s,3.433690604s
12.445438931s,3.467956443s
12.867836993s,3.553134839s
12.612973208s,3.774496615s
