Gen&Sort,Writing
107.841177886s,43.617413955s
107.31988301s,42.806935405s
107.867994124s,42.521412326s
107.997846814s,42.740284519s
108.087251608s,42.383126155s
107.797132545s,43.964830815s
107.875123327s,43.541062823s
108.038549549s,44.463802055s
106.706888602s,42.70247383s
107.057990462s,42.660851133s
