Gen&Sort,Writing
23.500161833s,6.254733983s
23.617699968s,6.225782719s
23.675281116s,6.238390673s
23.643090098s,6.216581021s
23.451504246s,6.220616973s
23.606295917s,6.235996831s
23.642546112s,6.223078392s
23.51360784s,6.197512176s
23.619642193s,6.206299604s
23.404233831s,6.211543148s
