Gen&Sort,Writing
110.308997815s,117.111391833s
107.79050259s,117.252032073s
109.401432444s,117.655671332s
109.366258819s,117.163022004s
106.026275944s,116.556335648s
107.590657277s,117.074627023s
103.050832473s,116.457266596s
116.894014019s,117.638927743s
109.825024071s,117.562494341s
107.583835535s,119.089936949s
