Gen&Sort,Writing
22.021784286s,3.970647659s
20.805985189s,3.430496232s
20.307777994s,3.581871921s
20.641458138s,3.920256059s
20.560576453s,4.080897984s
17.798643893s,3.862152311s
19.22369819s,3.767475464s
20.827448714s,3.412882151s
19.16298076s,3.847873277s
20.594789339s,3.548930002s
