Gen&Sort,Writing
4.444712737s,2.109082941s
5.320088122s,2.168498511s
4.908976456s,2.165731485s
4.553144344s,2.090469983s
4.616585763s,2.144370043s
4.217575504s,2.175220707s
4.44411254s,2.076616481s
4.34615472s,2.208833968s
4.932584888s,2.229105441s
4.600201021s,2.204821982s
