Gen&Sort,Writing
6.82441646s,1.615376057s
6.827424421s,1.723065166s
6.814613187s,1.709183488s
6.834257034s,1.761617537s
6.789395313s,1.733223809s
6.748749878s,1.662464983s
6.810654011s,1.720470253s
6.728535781s,1.686872987s
6.876053349s,1.776390803s
6.767363794s,1.704965517s
