Gen&Sort,Writing
18.771151413s,3.496455346s
13.721707662s,3.266962169s
13.70389557s,3.379284095s
13.711561297s,3.203075859s
13.75276083s,3.246576123s
13.732485917s,3.222360288s
13.668079229s,3.22312618s
13.688940177s,3.226614873s
13.699850259s,3.339058314s
13.716956495s,3.306220673s
