Gen&Flush,Sort,Sync
770.575766591,1457.167032799,8.005691793
753.545483093,1543.432813326,11.901505719
703.753347703,1559.075103175,5.982469785
751.714869722,1418.653733617,7.64839363
788.779076487,1443.548109817,5.855003011
