Gen&Sort,Writing
75.184882275s,40.502242703s
81.816269095s,42.018740725s
84.057305519s,39.915711582s
81.366361334s,39.669217877s
83.432373874s,39.637183358s
68.984084754s,39.528897697s
79.668271814s,40.404263627s
88.730385549s,42.1143463s
74.938805587s,41.745526657s
84.670796767s,41.023450308s
