Gen&Sort,Writing
45.385688317s,42.057427882s
46.920060303s,42.765861725s
39.324803488s,40.652100437s
43.053950924s,40.643903151s
44.597027639s,40.628558076s
40.586696178s,41.082694398s
40.381388352s,41.148554903s
43.223550382s,42.916313035s
40.700811307s,41.599043815s
41.636402191s,41.301694477s
