Gen&Flush,Sort,Sync
894.273316032,2508.598537821,6.298616236
885.155603805,2461.163075113,3.670317312
887.666632886,2459.278563128,3.581881945
886.639893408,2456.034279626,4.089860757
887.639126179,2476.837480984,4.058408479
