Gen&Sort,Writing
187.384085128s,50.141647429s
187.044176142s,50.240390524s
186.739011686s,50.631854793s
189.465657536s,49.933424355s
187.480473405s,49.570300067s
190.967884953s,51.742547994s
189.43836017s,51.070983893s
187.592820558s,51.56933599s
185.76696901s,51.151299688s
188.357158195s,50.156815759s
