Gen&Sort,Writing
219.539504981s,120.297551483s
215.637501293s,118.383959478s
217.505697254s,118.996280676s
217.456046762s,118.657126445s
216.835743452s,118.613903008s
215.882048809s,118.270991957s
217.502630471s,117.999509175s
216.726097742s,120.65711126s
216.141942928s,119.406040386s
217.915833783s,119.625502293s
