Gen&Flush,Sort,Sync
1041.515736492,4442.762041768,3.8013023219999997
1039.877046465,4483.74507255,4.072259305
1038.995869684,4477.587413485,1.880910587
1040.875167492,4469.472561433,4.019990939
1040.403618113,4463.67300236,2.356542316
