Gen&Sort,Writing
57.238217285s,39.614968061s
54.077367814s,40.369594699s
54.242968161s,39.979632604s
53.949606216s,40.18314975s
56.231560289s,39.289135715s
52.107632557s,39.481303398s
57.37401903s,39.436093764s
60.103058976s,40.035575126s
56.916776774s,40.458441348s
59.38429073s,40.529815797s
