Gen&Sort,Writing
47.623426674s,11.849395657s
47.241836956s,11.560586399s
47.096642448s,11.427125628s
47.752034041s,11.79788983s
47.113701662s,11.511852196s
47.78147159s,12.028605195s
47.679785786s,11.794368868s
47.732446197s,11.751892038s
47.80821482s,11.789147367s
47.172374697s,12.015810012s
