Gen&Sort,Writing
23.105674779s,7.761374326s
21.163116025s,7.669737905s
19.862600891s,7.912087573s
24.625147978s,8.003647363s
23.915175684s,7.610083408s
19.326023819s,7.398112246s
20.012541965s,7.419212506s
21.307100935s,7.45265503s
22.428286293s,8.086711622s
22.369832537s,7.506855081s
